{"cameraMode":{"drawMode":0,"name":"Shaded","section":"Shading Mode"},"sceneLighting":true,"audioPlay":false,"sceneViewState":{"m_AlwaysRefresh":false,"showFog":true,"showSkybox":true,"showFlares":true,"showImageEffects":true,"showParticleSystems":true,"showVisualEffectGraphs":true,"m_FxEnabled":true},"in2DMode":false,"pivot":{"x":-89.03417205810547,"y":1.7399464845657349,"z":-83.19450378417969},"rotation":{"x":-0.03188396245241165,"y":0.8891734480857849,"z":-0.09005072712898255,"w":-0.44976842403411868},"size":2.2928974628448488,"orthographic":false}