{"cameraMode":{"drawMode":0,"name":"Shaded","section":"Shading Mode"},"sceneLighting":true,"audioPlay":false,"sceneViewState":{"m_AlwaysRefresh":false,"showFog":true,"showSkybox":true,"showFlares":true,"showImageEffects":true,"showParticleSystems":true,"showVisualEffectGraphs":true,"m_FxEnabled":true},"in2DMode":false,"pivot":{"x":-16.549650192260743,"y":12.856256484985352,"z":7.867837905883789},"rotation":{"x":0.21148842573165894,"y":0.5004703998565674,"z":-0.12718640267848969,"w":0.8300716280937195},"size":4.271780014038086,"orthographic":false}