{"cameraMode":{"drawMode":0,"name":"Shaded","section":"Shading Mode"},"sceneLighting":true,"audioPlay":false,"sceneViewState":{"m_AlwaysRefresh":false,"showFog":true,"showSkybox":true,"showFlares":true,"showImageEffects":true,"showParticleSystems":true,"showVisualEffectGraphs":true,"m_FxEnabled":true},"in2DMode":false,"pivot":{"x":-13.504350662231446,"y":-3.064990282058716,"z":-7.706571578979492},"rotation":{"x":0.5310913920402527,"y":-0.010399892926216126,"z":0.0075349388644099239,"w":0.8474749326705933},"size":12.124356269836426,"orthographic":false}